1;12288;7315;5559;4681;16
2;5851;6729;3804;2048;16
3;5559;4682;5559;3218;24
4;5267;5267;4388;2341;20
5;4973;2925;3511;2048;20
6;5266;4974;4681;3803;24
7;4974;4974;5266;3218;16
8;4974;4974;3218;2048;16
9;5267;4681;4389;2633;16
10;4974;4681;4096;2633;16
11;4682;3218;3219;2048;16
12;4681;4681;4096;2926;20
13;4973;4681;5851;5559;28
14;5266;4974;4389;3218;20
15;5267;3804;6437;3511;20
16;5559;5266;4681;3511;20
17;5266;4681;3804;2633;20
18;5267;4974;4096;2340;16
19;4974;5559;4096;2926;20
20;4974;4096;4096;3218;16
21;4974;4096;2926;1756;16
22;4681;4388;2926;1755;16
23;5266;4096;3218;2341;16
24;5266;3804;3218;2341;16
25;4973;4096;3511;2633;16
26;4974;4096;4681;3218;16
27;4974;4096;3218;2048;16
28;4974;4681;5559;3511;20
29;4974;4096;3804;2340;16
30;4681;3804;3803;2926;16
31;4389;4974;4974;2633;20
32;4974;3511;3511;2048;16
33;5559;4682;5267;3511;16
34;4974;4681;4681;2633;20
35;5266;3218;3219;1755;16
36;4973;5559;34816;2341;16
37;7607;4974;4096;2925;16
38;5559;4974;3218;2341;16
39;4973;4974;4681;3511;24
40;6437;4681;3511;2048;20
41;5559;4681;3803;2341;16
42;4973;4389;4388;2925;16
43;5559;3511;3511;2341;16
44;4974;6144;4974;2634;20
45;4974;4096;5266;4389;20
46;5267;4681;4682;2633;16
47;4681;4973;5266;3804;24
48;4974;4681;4681;2634;24
49;5267;4096;3511;2048;16
50;4681;4681;3803;1755;20
51;4681;4681;5559;4681;20
52;5559;4681;3804;2340;16
53;5852;4388;3511;2048;16
54;5266;4096;4389;2633;16
55;4974;4389;4388;1756;16
56;4681;4681;4974;3219;16
57;4974;4388;4389;4974;20
58;5266;3510;4096;2925;16
59;4974;3803;3511;2048;20
60;4974;3803;2926;1463;16
61;4973;4096;3218;1755;16
62;5266;4681;5558;5266;24
63;4682;3511;2926;2341;16
64;5266;2633;2341;1463;16
65;4973;4096;2926;1756;16
66;5266;3511;3219;2341;16
67;4681;3218;2633;1463;16
68;4388;4388;3804;1756;20
69;4973;4974;3219;1755;20
70;4681;4389;3218;1755;16
71;4973;4389;3511;2048;16
72;11118;4096;3511;2633;16
73;4974;4389;4389;2633;16
74;4974;4974;7315;3804;20
75;7315;6144;7899;6144;28
76;5851;5559;4096;2341;16
77;5266;5559;6436;3218;20
78;5266;5267;5266;5559;28
79;5266;3804;3803;2633;16
80;4681;4389;4096;3218;20
81;5266;4681;3804;2633;16
82;4973;3511;2925;2048;16
83;4974;5851;4096;2926;24
84;4974;3511;3511;2633;20
85;4681;2925;2633;1755;16
86;5851;3803;3803;2633;16
87;4974;4096;4681;2633;16
88;4681;3510;3511;1755;16
89;4682;4681;5559;3511;20
90;5267;4389;4096;2341;16
91;4974;4388;3511;2048;16
92;5266;4974;3511;2048;20
93;4974;4096;4096;2341;20
94;4973;4974;4974;2926;16
95;4682;4096;2925;1462;16
96;4681;4681;3804;2048;20
97;4681;4681;4096;3218;20
98;5267;4974;4682;2341;20
99;4681;4973;5266;3804;16
100;4974;4681;3511;2340;20
101;4973;4681;3511;2634;16
102;4681;4681;3511;2048;16
103;4681;4388;3804;2341;24
104;5266;5559;3219;1756;20
105;4681;4681;4681;2341;16
106;4973;4974;5851;3511;16
107;5559;4973;4096;2633;16
108;4681;4389;3218;2633;16
109;5851;5267;4388;2926;20
110;5266;5559;2925;1756;16
111;4974;5559;6144;4681;24
112;5267;4682;4681;2340;24
113;5851;4096;3511;2048;16
114;5266;5267;5851;7899;28
115;4974;4974;4096;3219;20
116;5266;4681;4681;2048;20
117;4973;4389;2926;1756;16
118;5266;3804;3803;2340;20
119;4681;3510;3511;2048;16
120;4681;4388;5852;4389;20
121;4389;3511;3218;1755;20
122;4973;4096;3511;1755;16
123;4974;4096;3218;1463;16
124;7022;6729;7607;3511;20
125;5559;4973;6144;3804;16
126;5558;5559;3804;2633;20
127;4681;4681;4096;3511;16
128;5266;3804;3218;2048;16
129;4973;4681;4388;3218;20
130;5559;4388;3803;2633;20
131;4973;3803;4388;2340;20
132;5266;4096;3803;2340;20
133;5266;3804;3510;2340;20
134;4974;4682;3511;2340;16
135;4974;4096;4388;2926;16
136;4974;4681;3511;2048;20
137;4974;4096;2926;2048;16
138;4682;5266;5266;5559;28
139;4681;3804;2925;1462;16
140;5266;4096;4389;2340;20
141;4681;3803;4388;4096;24
142;5266;4389;3803;2340;16
143;4973;5267;2926;1755;16
144;4681;4096;3804;2926;20
145;4389;4389;3511;2341;16
146;4681;4096;4974;2340;16
147;4974;4681;4096;2633;16
148;4681;3804;4096;2341;20
149;4974;5266;4096;2048;16
150;4681;3804;3511;2048;16
151;4681;5852;6144;4388;28
152;4974;4681;4096;2633;20
153;4681;4974;3218;1755;16
154;4681;4681;3804;2340;16
155;5266;3804;2926;2048;16
156;4681;3804;3804;2341;20
157;4682;4389;2633;1462;16
158;4974;4974;4096;2341;16
159;4681;4096;4096;2340;16
160;4389;4974;4096;2633;20
161;4389;3804;4388;2633;20
162;4974;4681;4681;4681;24
163;4681;2925;2926;1463;16
164;4389;4096;4096;2048;16
165;5266;4389;3511;3219;16
166;4681;4096;4096;2340;16
167;4681;4389;3511;1756;16
168;5559;4974;4681;2340;20
169;4681;4096;4388;3218;20
170;4389;2926;3218;1755;16
171;4682;3511;2925;1463;16
172;4974;4388;4096;2048;20
173;4974;4974;4096;2340;16
174;4681;4388;5266;3511;16
175;4681;4389;3510;2341;16
176;4681;4389;4389;3218;16
177;4973;4096;4974;2633;16
178;4681;4974;4682;2926;20
179;4389;4096;3803;2633;16
180;4681;4389;4096;2926;20
181;4973;4388;4974;2926;20
182;4682;3218;2633;1463;16
183;4681;4973;3218;1755;16
184;4973;4973;4389;2633;20
185;4681;3803;3804;2341;20
186;4681;5267;5559;7314;24
187;4389;3804;4096;2926;16
188;4681;4096;4096;2048;24
189;4681;3511;3218;1463;16
190;5266;4681;4974;4388;24
191;4681;4388;3804;2634;20
192;4389;3804;2926;1755;16
193;4681;4096;3511;2633;16
194;4973;4974;4681;3803;28
195;4681;3219;3803;2340;20
196;4681;4974;6437;4096;24
197;4681;4388;3218;1756;16
198;5266;2926;2926;1755;16
199;4681;4096;3803;2633;16
200;4681;4681;4973;2633;20
201;4974;4681;3511;1755;16
202;4681;4389;3511;2048;20
203;4681;4681;4096;2633;20
204;4682;4681;3803;2341;16
205;4973;4681;3219;2048;16
206;4681;4681;2925;1755;16
207;4974;4681;4974;2633;20
208;4681;4389;6144;3218;20
209;4681;4974;5266;2341;20
210;4681;4096;3511;1756;16
211;4389;4096;4388;3218;16
212;4681;4096;4388;2633;20
213;4974;4096;4389;2633;20
214;5266;3218;3511;1755;20
215;4973;4389;4096;2048;16
216;4681;4973;4681;2048;20
217;4389;4681;3218;1755;16
218;4681;4388;5559;3219;24
219;5266;4096;3803;2926;20
220;4682;4389;4388;3804;24
221;4681;4682;3511;1755;16
222;4681;3803;2926;1463;16
223;4681;4682;5852;5559;32
224;4681;4681;4974;2048;20
225;4388;3803;3219;1755;16
226;4681;4096;4974;1463;20
227;4973;4096;3804;1755;20
228;4096;4096;3511;2048;16
229;4389;4682;5851;3511;20
230;4681;4096;2926;2048;16
231;4389;4681;5559;6436;28
232;4681;4681;4388;2340;16
233;4974;4681;4974;3510;24
234;4681;3511;2926;1463;16
235;4682;4681;4096;2048;20
236;4973;4389;4388;26039;20
237;4681;4388;3511;2340;16
238;4389;5266;4974;3219;20
239;4682;4388;3804;2633;16
240;4681;4096;3218;1463;16
241;8777;3511;3803;2048;16
242;4974;4096;4389;3218;16
243;4973;3218;2633;1463;16
244;4389;4389;4096;4681;16
245;4682;4388;3511;1755;16
246;4389;3511;3218;1756;16
247;4389;4096;4389;2634;16
248;5266;3218;3803;2340;16
249;4388;4388;4389;3219;24
250;4388;4974;4096;2633;16
251;4388;4096;4389;2340;20
252;4389;3804;4096;3218;24
253;6144;6729;5852;2048;20
254;5558;4096;4096;1462;16
255;4974;4388;4096;2048;16
256;5267;3511;3218;1463;20
257;4681;4681;427740;5851;20
258;7607;6437;6730;2341;16
259;5266;4096;3803;1463;16
260;4974;3511;4096;1463;16
261;4973;4974;4388;2048;16
262;4682;4096;4388;1463;16
263;5267;5267;3218;1170;16
264;4973;4681;3804;1463;16
265;4389;4096;2925;1463;16
266;4973;4096;4974;2340;16
267;4681;4388;3804;1463;20
268;5267;3511;3804;1463;16
269;4681;5267;3804;1756;20
270;4389;5559;5851;4389;28
271;4974;4388;4681;2340;16
272;4681;4096;4388;2633;16
273;4974;4389;3218;1170;16
274;4681;4681;6144;5266;28
275;4388;2634;3511;1463;20
276;4389;3803;3511;1170;16
277;3511;3218;3218;1756;20
278;3803;3804;4682;2633;20
279;3511;3511;2925;1462;16
280;3511;3803;3218;1755;16
281;3511;2633;2926;1756;16
282;3511;3219;2340;1170;20
283;3511;2633;2048;878;16
284;3804;3511;2633;877;16
285;3511;10825;2633;1463;16
286;3219;3511;3804;1463;20
287;3510;3510;3218;1463;20
288;3511;2926;3511;1756;20
289;3218;3219;2633;2340;16
290;3511;2341;2340;1756;16
291;3218;3511;2925;2048;16
292;3511;3218;2925;1463;16
293;16969;3511;2048;878;16
294;3803;3219;2341;1170;16
295;3218;2341;2633;2048;16
296;5852;3218;3510;1755;20
297;3804;3218;2340;878;16
298;3219;2341;2341;877;16
299;3218;3803;3511;1755;24
300;3511;3511;2926;1755;20
301;3511;3218;2633;1171;16
302;4096;3218;3804;2048;20
303;3511;3510;3511;1755;24
304;3218;3511;2341;1755;16
305;3511;2633;3218;1463;20
306;3511;2633;3511;1756;16
307;3511;3511;3219;1463;24
308;3219;3218;2340;878;16
309;3511;3803;3803;1756;24
310;3511;3219;2633;1170;16
311;3218;2340;2633;1463;16
312;3511;2341;2341;877;16
313;3510;3218;2633;1463;16
314;3219;3804;3804;4389;28
315;3218;3803;4682;4974;28
316;3511;2926;2340;1170;16
317;3511;2926;3804;2634;20
318;3219;2634;2926;878;16
319;3218;2926;2926;1463;20
320;3218;3803;3511;1755;20
321;3218;3511;2633;1755;20
322;3510;2925;2633;1463;16
323;3218;3511;3219;1756;24
324;3218;3218;3218;2340;16
325;2926;2925;2633;1463;16
326;2926;2926;3218;2048;24
327;3511;2048;2048;1171;16
328;3510;3511;3511;2340;20
329;3219;3511;3803;2341;20
330;2925;2925;2925;1755;20
331;3219;3218;3803;2048;16
332;3511;2634;3218;1756;24
333;3218;3510;3218;1756;16
334;3511;3219;2048;878;16
335;3511;2341;1756;877;16
336;3511;3511;3511;31305;24
337;4388;3804;3218;1756;20
338;3511;2340;2048;878;16
339;3804;3218;3804;1756;20
340;3511;4388;3511;2048;24
341;3218;3511;4096;2925;24
342;4974;3511;2926;1756;16
343;3511;3803;2341;877;16
344;3511;3219;3803;3511;24
345;3219;3218;2634;1756;16
346;3511;3511;3804;1756;24
347;3804;2633;2925;1170;20
348;9363;3803;3511;2926;28
349;3511;3803;3511;1755;24
350;3218;3218;2048;878;16
351;3218;2633;2926;1755;16
352;3803;2925;2633;1170;16
353;3218;3218;2633;1463;16
354;3511;3219;2340;1170;16
355;2926;3218;2341;877;16
356;2925;3218;3511;2341;20
357;3219;3219;3219;1756;16
358;3511;3511;2633;1170;16
359;3219;3219;2633;1170;20
360;3218;3218;2925;1755;16
361;3218;2340;2341;877;16
362;3803;3803;4096;1463;20
363;3219;3511;4096;2925;28
364;3219;3804;3218;1756;20
365;2925;3218;2341;878;16
366;3219;2926;2633;1463;20
367;3218;2341;2341;878;16
368;2925;3510;2633;1170;16
369;3219;2048;1756;878;16
370;3511;3511;2341;1462;16
371;3511;3803;4388;3219;28
372;3511;3511;4096;2341;20
373;3219;3511;3218;2633;24
374;3218;2633;2633;878;16
375;3218;2925;3218;1463;20
376;3219;3219;2048;1171;16
377;3218;3218;2633;1170;16
378;3218;3219;2340;1171;16
379;2926;2341;2633;1463;16
380;3511;2633;2926;1170;20
381;3218;3511;2926;1462;16
382;2926;3510;3511;2048;20
383;2926;2340;2633;1463;16
384;3511;3511;2341;1170;16
385;3218;2633;2633;1170;20
386;3218;3218;2633;1171;16
387;3218;3511;2633;1170;16
388;3511;3218;3511;1755;20
389;3218;2926;2340;1170;16
390;3218;3218;2048;877;16
391;2926;3511;4096;2048;16
392;3510;2633;2633;1463;16
393;3219;3511;2633;1170;20
394;3218;2633;2048;878;16
395;3219;3219;3218;1756;16
396;2926;2634;2048;1170;16
397;3218;3218;3803;2048;20
398;3219;3219;3218;1755;20
399;3218;3511;3803;3219;24
400;3511;2925;3510;2048;24
401;3511;3510;3218;1463;20
402;3219;3511;3803;2341;20
403;3219;2926;2633;1171;16
404;3218;2925;2634;1755;16
405;3218;3218;2926;1463;20
406;3511;3511;2926;1463;16
407;3804;3219;3803;2048;20
408;3511;2633;2634;1463;16
409;3219;2926;2341;1171;16
410;3511;3510;2926;1755;16
411;3219;3511;3219;1756;20
412;3218;2341;2048;878;16
413;3511;3511;2926;1755;20
414;3511;2340;2633;877;20
415;3511;3219;3803;2048;24
416;3218;3511;3219;1755;16
417;3218;3511;2633;1463;20
418;3511;3218;2926;1463;20
419;3218;3218;2925;1756;16
420;3218;3218;3218;3218;28
421;3218;2926;2341;878;16
422;3218;2340;2048;877;16
423;3218;3218;3511;2048;20
424;2926;3219;4096;2048;20
425;2925;3218;2340;1170;16
426;3218;2926;2048;877;16
427;3219;2048;2048;878;16
428;4096;3219;3511;1756;20
429;3218;3804;2925;1170;20
430;3218;2925;2926;1170;20
431;3218;3218;2633;1463;16
432;3219;3511;3803;1755;20
433;3218;3510;2633;1756;16
434;3803;2341;2925;1462;16
435;3511;3511;4681;4388;28
436;3218;2633;3804;2926;20
437;3511;2633;2633;878;16
438;3511;3218;2634;877;20
439;3511;3511;3219;1463;16
440;3218;3511;4096;2048;20
441;3219;3511;2926;1462;20
442;3511;3511;3511;1463;20
443;3803;3510;3218;1756;16
444;3218;3511;3511;2048;16
445;3218;3804;3804;1463;24
446;2925;2341;2340;1170;20
447;3218;2925;2341;878;16
448;3511;3511;3804;2341;16
449;3218;3218;3511;1755;16
450;3219;3219;3218;1463;16
451;3511;2926;2341;877;16
452;3219;2633;2926;2048;16
453;3218;3218;2926;1755;16
454;3218;2926;2048;877;16
455;3218;3218;3218;1755;20
456;3218;2341;2633;1463;20
457;3218;3218;2633;1463;20
458;3511;3511;2925;1462;24
459;3511;3804;4096;3218;24
460;3511;3219;2926;1756;20
461;3511;2926;2341;1463;16
462;2926;2925;2633;1755;16
463;3218;2925;3803;2048;20
464;3218;3511;3218;1756;16
465;3218;2926;2926;1755;16
466;2926;2926;2926;1463;16
467;3511;3511;4096;2341;20
468;3218;2633;2341;1170;16
469;3219;3803;3218;1756;24
470;2926;2926;2633;1756;16
471;3218;2925;3218;1463;20
472;3218;3511;2633;1170;20
473;3219;3219;2926;1462;16
474;4389;3218;4389;2340;20
475;3218;3218;3218;2341;20
476;3218;2633;2048;878;16
477;3511;3511;2633;1755;16
478;3511;3219;2925;1170;20
479;3218;3218;2341;1170;16
480;3218;3218;2633;1463;20
481;2926;2048;2341;878;16
482;3218;3219;3218;1463;16
483;3218;3511;3804;1463;24
484;3218;2926;2048;878;16
485;3218;3510;3804;2048;16
486;3218;2633;2341;1170;16
487;3218;2340;2048;585;16
488;3511;3511;2048;1170;16
489;3218;3218;2633;1170;20
490;3218;2341;2048;878;16
491;3218;3804;4096;2048;20
492;3219;3511;4096;2341;20
493;3511;3218;3218;2048;16
494;3218;3218;2633;877;16
495;3219;3219;2048;877;16
496;3510;3218;2926;1463;16
497;3218;3511;4389;2048;20
498;3218;3511;2925;1463;16
499;2925;2341;2925;1171;16
500;3219;2926;2341;878;16
501;3219;3511;2633;1171;16
502;3218;3511;4388;2341;20
503;3804;3218;3218;1756;16
504;3219;3219;3803;2340;16
505;3511;3219;2926;1756;20
506;3219;3511;3803;3219;24
507;3219;2633;2925;1170;20
508;3218;3511;2926;1170;20
509;3219;2926;2340;1170;16
510;3510;3511;3511;2048;24
511;3511;109422;4681;2633;20
512;5266;3511;4388;4096;24
513;3804;2926;2633;1463;16
514;3511;3218;3511;2926;24
515;3804;4096;4096;2341;24
516;3511;3511;2633;1171;16
517;3511;2925;2926;1755;16
518;3218;3218;2633;1463;20
519;2925;3218;2341;1170;16
520;3218;2925;2633;878;16
521;3218;3511;2633;878;20
522;3511;2926;2048;878;16
523;3511;3219;2925;1463;20
524;3804;3803;3219;1756;20
525;3511;3218;2340;2048;16
526;2925;3218;3511;1756;16
527;3218;3511;3803;3218;24
528;3218;3218;2340;1170;16
529;25747;3218;2341;1170;16
530;3511;3511;2633;1170;16
531;3510;2340;2341;1463;16
532;3510;4096;2634;1462;20
533;3219;2340;2048;877;16
534;3218;3511;4974;1463;20
535;2925;3218;2633;1463;20
536;2633;3218;2633;1171;16
537;3219;3218;3803;4681;24
538;3218;3218;2633;1756;16
539;3511;3511;3803;1755;20
540;2926;2926;1755;878;16
541;3219;2926;2926;1463;16
542;2925;3218;2634;877;16
543;2926;2341;2340;585;16
544;3218;3803;4096;4096;28
545;3218;3803;3218;1756;24
546;3218;3218;3803;2048;16
547;2926;2633;2633;878;16
548;3219;3218;2048;878;16
549;3219;3511;3803;2341;20
550;3219;2925;2341;878;16
551;2926;3803;2633;878;20
552;2926;3218;2633;1170;16
553;2633;2633;2048;877;16
554;3219;2340;2633;1170;20
555;3218;2340;2048;877;16
556;2925;3219;2925;1463;20
557;2633;1756;2048;586;16
558;2926;3511;2633;1170;16
559;2925;3218;2341;1463;16
560;2633;2926;2633;1170;16
561;2926;3510;2926;1170;20
562;2925;2925;2926;1463;20
563;2926;2926;2926;1170;20
564;2633;3218;2340;1171;16
565;2926;3218;2048;878;16
566;2926;3803;2341;1170;20
567;3218;3803;4096;3511;24
568;3218;3511;2633;1171;16
569;3511;2926;2925;1463;20
570;2926;3218;2926;1463;20
571;3218;2633;2633;1463;16
572;2925;3219;2340;1171;16
573;3219;3511;4096;3511;24
574;2926;2633;2340;878;16
575;3219;2925;3219;1463;16
576;3219;3218;2925;1170;16
577;2925;3218;2926;1170;16
578;2926;2633;2633;1463;16
579;2925;2633;2634;1170;20
580;2926;2926;3218;1463;20
581;2925;2341;2048;585;16
582;3218;3511;2634;1756;16
583;2926;3219;2340;878;16
584;2926;3511;2048;878;16
585;2926;3511;3219;2633;20
586;2926;3218;3218;2340;28
587;3218;3511;3803;3804;28
588;3219;2633;2925;1463;20
589;2925;2341;2633;2048;28
590;2633;3511;3511;1756;20
591;3219;2926;2633;1463;16
592;3511;3218;7314;1170;24
593;2926;3218;2633;1170;16
594;2634;3218;3218;1463;16
595;3511;2634;2048;877;16
596;2926;2926;2925;1463;24
597;2925;3510;2926;1463;20
598;3219;2925;2633;1756;16
599;3219;2341;2048;878;16
600;3218;2633;2340;1170;16
601;2925;2633;2341;877;16
602;2634;2925;3511;1756;16
603;2926;2926;2925;1756;16
604;2926;3511;3511;2048;20
605;3218;3803;3804;4388;28
606;3219;3218;2925;1463;20
607;3511;2341;2048;878;16
608;2925;2925;2926;1463;20
609;2926;3218;4389;2340;16
610;3218;3803;3218;1756;16
611;3218;3511;2633;1170;20
612;2925;2341;2048;877;16
613;2926;2048;2341;878;16
614;2925;3218;2633;1170;20
615;3218;3804;2340;878;20
616;3219;3219;2926;1756;16
617;2926;3218;2634;1170;16
618;2925;3511;2341;878;16
619;2926;2926;2925;1463;20
620;2926;3511;2341;878;16
621;3218;3218;3511;2926;20
622;2633;3218;3218;1755;16
623;2926;3218;3804;1463;16
624;3218;3511;3218;2340;20
625;3218;2925;2634;1462;16
626;3218;3511;2633;1463;20
627;2926;2340;2341;878;16
628;3219;3218;3219;2341;24
629;2926;3218;3511;2048;20
630;3219;3218;2926;1170;24
631;2925;3218;2633;1170;20
632;2926;2925;2926;1462;20
633;2926;2633;2048;585;16
634;2926;3219;2340;878;16
635;2925;3803;2048;878;16
636;2925;2926;3218;1463;20
637;3218;2633;2341;1170;16
638;2926;3511;2926;1171;16
639;2926;2633;2048;1170;16
640;3219;3218;2340;1171;20
641;2926;2633;2048;878;16
642;2926;3218;2341;878;16
643;2926;3218;2926;1755;20
644;2926;3218;3511;1463;24
645;3218;3804;3510;2341;20
646;2633;2926;2633;1463;16
647;3218;3218;2340;1170;16
648;2633;3219;3803;2048;24
649;2926;3510;3803;2048;16
650;3218;3511;4682;3218;28
651;2925;3218;2925;1171;16
652;3218;3218;2048;878;16
653;3218;3219;3219;2048;24
654;2633;3218;3218;1462;16
655;2925;2926;2340;877;16
656;2926;2341;2048;877;16
657;3218;3511;2340;1170;16
658;3218;5852;2048;878;16
659;2926;2926;2634;1756;16
660;2926;2926;3218;1755;20
661;3218;1755;2048;585;16
662;3219;3511;3510;1463;20
663;2926;2926;3218;1755;16
664;2926;3511;3510;2634;24
665;2926;3218;2633;1170;16
666;2926;3218;2926;1170;20
667;2926;3511;2633;1170;16
668;2925;3803;3804;2048;16
669;3218;3804;3218;1463;20
670;3218;3511;2340;1171;16
671;2926;2633;2048;585;16
672;2634;3218;2633;1170;16
673;3218;3219;3803;2048;28
674;2926;3510;2926;1170;16
675;2925;2340;2340;1170;16
676;3218;2048;2048;878;16
677;3219;2341;2341;878;20
678;2926;3218;2048;585;16
679;2926;3219;3510;2633;20
680;3218;3218;2926;1170;16
681;3219;3219;3218;1755;16
682;2925;2926;2340;1170;16
683;2926;3218;2926;1463;20
684;2633;2925;2926;1463;16
685;3218;2926;2340;877;16
686;2926;3511;3218;1756;20
687;2633;3218;2633;1170;20
688;2926;2925;2634;2048;16
689;2633;2926;2341;1463;16
690;2633;3218;3218;1756;20
691;2925;3511;2926;1463;20
692;2926;3218;2926;1463;16
693;2925;3511;4681;4389;32
694;2926;3803;3218;1463;20
695;2925;3218;3511;1756;20
696;2925;1755;1463;878;16
697;2926;3511;2633;1170;16
698;2926;3804;3510;1755;20
699;2926;3218;2341;878;16
700;2633;3511;3218;1755;20
701;2926;2925;2633;1171;16
702;2926;2633;2926;1462;16
703;2926;3511;2340;878;16
704;2926;3219;3803;2341;16
705;2926;2926;2048;1170;16
706;2926;2926;3511;1755;20
707;3218;3511;3218;1755;16
708;2926;5267;3218;2341;24
709;3219;2633;2341;1170;16
710;2925;2340;2633;1171;16
711;2925;2925;2926;1755;24
712;3218;2633;2048;1170;16
713;2633;2926;4096;2048;20
714;2926;3218;2633;1463;16
715;2925;3218;2341;878;16
716;2926;3218;2926;1463;20
717;2926;2633;2925;1756;20
718;2926;2926;2633;1463;20
719;3218;3218;2926;1170;20
720;2926;3218;2341;1170;16
721;3218;3219;3218;1463;20
722;2926;3511;2925;1171;20
723;2925;3218;2341;878;16
724;2926;3510;2340;878;16
725;4096;2926;2633;1170;20
726;3218;2926;2633;1170;20
727;2925;2926;3803;1462;16
728;2926;3219;3511;2048;16
729;3218;2341;76653;1170;16
730;3803;2341;2048;878;16
731;3218;2926;2633;877;16
732;3219;3804;2925;1463;24
733;3218;2048;2048;877;16
734;3510;3511;3803;2048;20
735;3218;3511;2340;1170;20
736;2926;3511;2926;1463;20
737;3219;3218;2634;1463;16
738;2926;2925;2926;1755;16
739;6729;3218;2340;1463;16
740;2926;25747;4388;20188;20
741;3511;3511;4096;2048;20
742;3510;3218;2926;2341;20
743;5558;5266;3804;1756;16
744;3803;4096;3511;1755;16
745;3218;3511;4389;2633;24
746;3511;2926;3511;2048;16
747;3218;3219;1756;877;16
748;3511;3218;2048;877;16
749;3218;3218;2341;2048;16
750;3218;2926;2926;1170;16
751;3218;2926;2341;1463;16
752;3511;3219;3218;2048;20
753;3219;3511;2633;1170;20
754;3511;3804;3804;2340;20
755;3511;3803;3510;1756;20
756;3511;3218;2926;1463;16
757;3511;3511;2048;878;16
758;2925;2925;2341;1171;16
759;3219;3218;2925;1463;24
760;3219;2341;2341;877;16
761;2925;3218;3511;1463;20
762;3218;3511;2340;878;16
763;3511;3511;3803;1755;20
764;3511;3803;2633;877;16
765;3218;2341;2633;1463;20
766;2926;3219;3803;1756;16
767;2926;2926;2925;1463;20
768;3511;2633;2633;1463;20
769;3218;3511;2633;1463;24
770;2634;2633;2341;878;16
771;2926;3218;2925;1463;16
772;2925;3219;3511;2048;16
773;2925;3511;3511;2048;20
774;2926;3219;2633;1463;16
775;2926;3511;2925;1463;16
776;2926;3511;2048;877;16
777;2925;3511;3803;1463;20
778;2925;3218;2926;1170;16
779;3218;2926;2048;878;16
780;2926;3218;3510;1462;20
781;3511;2926;2925;1463;20
782;3218;3218;2341;1170;16
783;3218;2926;2925;1463;16
784;2926;2633;1756;586;16
785;3218;3511;3510;3219;28
786;3219;2633;2341;1170;16
787;2926;2341;2341;1171;16
788;3218;3511;3803;2633;24
789;3511;3218;2048;878;16
790;3803;3511;3218;2633;24
791;3218;2633;2633;1755;20
792;3218;2340;2340;1463;20
793;2925;3218;2633;1170;16
794;3219;2926;23991;2048;20
795;4681;4973;4096;1755;16
796;3804;3218;2926;1463;16
797;3510;2926;2340;878;16
798;3218;3218;2341;1171;16
799;2926;2926;2634;1463;16
800;2926;2926;2341;1170;16
801;3218;3511;3803;2048;20
802;2925;3218;2633;877;20
803;2925;3511;2048;877;16
804;3218;3511;2633;1171;16
805;2926;2048;2341;1170;16
806;2925;3218;3511;1755;16
807;3510;3511;2340;878;16
808;3218;3218;2048;878;16
809;2925;2634;2341;1170;20
810;3219;2926;3511;2341;24
811;3219;2633;2048;585;16
812;3218;2634;2926;2048;16
813;2926;2926;2926;1170;16
814;3218;2633;2048;1170;16
815;3218;2926;2925;1463;20
816;3218;3511;2633;1170;16
817;3511;3804;6436;1755;16
818;4682;3803;3218;1463;20
819;3511;3511;3218;1755;20
820;3218;2633;3218;1463;16
821;3218;3804;4096;2633;24
822;3218;3803;2634;1463;16
823;3511;3511;2925;878;20
824;3218;3218;4389;2340;16
825;3218;3804;2340;1170;16
826;3218;3511;3511;1170;20
827;3218;3218;3803;3511;28
828;3219;3511;3510;1463;20
829;2925;2926;2633;1170;16
830;2926;3511;4096;4681;24
831;3218;3511;3218;1755;24
832;2925;3803;3218;1755;20
833;2926;2633;2048;877;16
834;2925;3219;2633;878;16
835;2925;3511;2341;1170;16
836;3218;3218;2633;1170;20
837;2925;3511;2926;1170;20
838;2926;3218;3218;1463;24
839;3219;3218;3218;1755;20
840;3218;2925;2341;1170;16
841;2926;2633;2633;1170;20
842;2926;2341;2048;878;16
843;2925;2925;2048;878;16
844;3218;2926;2048;1171;16
845;3218;2925;2926;1463;16
846;2925;3511;2341;1170;20
847;2926;3218;2633;878;20
848;2926;3218;2926;1170;20
849;2925;3218;2925;1755;16
850;2926;3218;3511;2633;24
851;3511;3511;3511;1463;20
852;2926;2341;2341;878;16
853;3218;2926;3511;1755;16
854;2633;2634;2341;1170;20
855;2633;2926;2340;1170;16
856;4096;2925;2925;2048;16
857;3511;2925;3804;1756;16
858;3218;3511;2926;1170;20
859;2925;3218;2341;1170;16
860;3218;3219;3218;2048;16
861;3218;2925;2925;1463;16
862;3511;3219;2048;878;16
863;3511;3511;2926;1755;20
864;3218;2926;2341;1170;20
865;3219;2341;2048;1170;16
866;3218;2633;2341;878;20
867;3219;3804;2926;1170;20
868;2925;3511;3804;3804;28
869;2926;3511;4096;4973;28
870;2925;3511;2926;1463;24
871;3219;2926;3511;2341;20
872;2926;2925;3511;1756;20
873;2926;3804;3218;1755;20
874;2926;2925;2048;878;16
875;3218;3219;2340;878;16
876;3218;3511;3219;1463;24
877;3219;3511;2341;1171;16
878;2926;3803;3218;1463;20
879;2926;3218;2926;1755;20
880;3218;3511;4096;4389;32
881;2925;2633;2340;1170;20
882;3218;3803;4096;2926;24
883;3511;3218;2633;1170;16
884;3218;3511;2633;1463;16
885;2926;3219;2341;877;16
886;3218;3218;2341;878;16
887;3218;3511;3219;1463;24
888;3218;3218;2048;877;16
889;2926;2341;2048;878;16
890;2926;3218;2633;1463;16
891;3218;2925;2634;1462;20
892;2925;3511;2048;878;16
893;2925;3218;2925;1755;20
894;2926;3511;3218;1463;20
895;3219;3511;2048;878;16
896;3218;3219;2926;1170;20
897;3218;2926;2633;1755;16
898;3219;2925;2048;585;16
899;2926;3218;4681;2633;24
900;2926;2926;2633;877;16
901;2633;2926;2048;877;16
902;2634;3511;2341;877;16
903;3218;2925;2340;1170;16
904;3218;3803;1755;878;16
905;3218;3219;2048;878;16
906;3219;3218;4096;3218;20
907;2926;3511;3510;1756;20
908;2633;3511;2341;1170;16
909;3218;3218;2633;1170;20
910;3218;2633;2340;1171;16
911;3218;2633;2633;1171;20
912;2926;3219;3511;2048;24
913;3218;3218;2048;878;16
914;2925;3511;3803;2926;20
915;2926;2341;2340;1171;16
916;2926;2925;3803;3511;20
917;2926;2926;3218;2926;20
918;2926;3218;4096;1463;24
919;3219;3218;2633;878;20
920;3218;2341;2341;1170;16
921;3218;3218;3218;2341;28
922;2926;2926;2341;878;16
923;3218;2633;2341;878;16
924;2926;3218;2634;1170;24
925;3218;3511;2633;1463;16
926;3218;3511;2340;585;16
927;3218;2926;2048;1171;16
928;2633;3218;2633;1463;16
929;2633;2926;2633;1170;20
930;2926;2925;2634;1462;20
931;3218;3218;3219;1756;20
932;3511;3511;4096;1170;20
933;3218;2633;2341;1171;20
934;3218;2340;2634;1463;16
935;3511;3219;2926;1755;20
936;3218;2633;2926;1463;16
937;2925;3511;2925;1463;20
938;3218;3803;3803;2048;20
939;2925;2633;2341;1170;16
940;2926;2633;2340;1170;16
941;2925;3218;2048;1170;16
942;2926;3219;3218;2633;28
943;3218;2633;2340;1171;16
944;3218;4096;4096;4682;32
945;2926;2926;2341;878;16
946;2926;3218;2926;1463;16
947;3218;3511;3218;1171;24
948;2926;3218;2048;878;16
949;2634;2926;2633;1463;16
950;2633;2925;2341;1463;16
951;2926;2340;2926;1463;24
952;2633;3511;2926;1463;20
953;2926;3218;2926;1463;16
954;3218;3218;3218;1463;16
955;2926;2925;2633;1463;20
956;3218;2925;2634;1170;16
957;2926;2926;2926;1463;20
958;2925;3511;3218;1755;20
959;3218;2634;2048;878;16
960;2926;1755;2341;878;16
961;2925;3218;2634;1463;16
962;2926;2633;2048;1171;16
963;2926;3511;2341;1170;16
964;3218;3804;2341;878;20
965;3219;3804;3803;2048;20
966;2926;2340;2340;1463;16
967;2925;2926;1755;586;16
968;3218;3511;4096;2048;20
969;3511;2926;2926;1171;24
970;3219;2633;2633;1756;20
971;3218;3511;2341;878;16
972;3218;3218;3218;1756;16
973;2633;3511;2925;1170;20
974;2926;2926;3218;2048;20
975;2926;2633;2048;585;16
976;2926;2633;2341;877;16
977;2633;3218;3218;1171;20
978;2926;3804;3219;1170;24
979;2926;2341;1756;878;16
980;3219;2633;2048;878;16
981;2926;3218;2633;1171;20
982;2926;3218;2633;1463;16
983;3218;3218;2340;1170;16
984;3219;3218;2634;1170;20
985;3218;2926;2925;1463;16
986;2926;2925;2340;1171;16
987;2926;3803;2341;1463;16
988;2926;3804;2926;1170;20
989;2633;3511;3510;1755;16
990;3218;3218;2634;1171;20
991;2926;2926;2048;585;16
992;2926;2926;2048;877;16
993;3218;2926;2341;878;20
994;3218;3511;3510;1463;20
995;2926;3511;4681;1463;28
996;3219;2926;2633;1170;20
997;2926;3804;2926;1462;16
998;3218;3804;3219;877;24
999;3219;3219;2341;878;16
1000;2926;2926;2634;1755;16
Average;3734;3643;3780;1893;18
Range;23114;107667;426277;30720;16
